ECO-JSC-MOD-104868,fimH30
ECO-JSC-MOD-104871,fimH30
ECO-JSC-MOD-104872,fimH30
ECO-JSC-MOD-104873,fimH30
ECO-JSC-MOD-104874,fimH297
ECO-JSC-MOD-104875,fimH30
ECO-JSC-MOD-104877,
ECO-JSC-MOD-104878,fimH5
ECO-JSC-MOD-104879,fimH32
ECO-JSC-MOD-104880,fimH35
ECO-JSC-MOD-104881,fimH167
ECO-JSC-MOD-104882,fimH27
ECO-JSC-MOD-104883,fimH54
ECO-JSC-MOD-104884,fimH1547 fimH34
ECO-JSC-MOD-104885,
ECO-JSC-RGN-103675,fimH30
ECO-JSC-RGN-103676,no
ECO-JSC-RGN-103677,fimH27
ECO-JSC-RGN-103678,fimH30
ECO-JSC-RGN-103679,fimH30
ECO-JSC-RGN-103680,fimH27
ECO-JSC-RGN-103681,fimH41
ECO-JSC-RGN-103682,fimH1546 fimH24
ECO-JSC-RGN-103683,fimH2
ECO-JSC-RGN-103684,fimH41
ECO-JSC-RGN-103685,fimH86
ECO-JSC-RGN-103686,fimH65
ECO-JSC-RGN-103687,fimH30
ECO-JSC-RGN-103688,fimH30
ECO-JSC-RGN-103689,fimH30
ECO-JSC-RGN-103690,fimH54
ECO-JSC-RGN-103691,fimH23
ECO-JSC-RGN-103692,fimH27
ECO-JSC-RGN-103693,fimH30
ECO-JSC-RGN-103695,fimH30
ECO-JSC-RGN-103696,fimH1550 fimH64
ECO-JSC-RGN-103697,fimH97
ECO-JSC-RGN-103698,fimH54
ECO-JSC-RGN-103699,fimH5
ECO-JSC-RGN-103700,fimH1550 fimH64
ECO-JSC-RGN-103701,fimH30
ECO-JSC-RGN-103702,fimH27
ECO-JSC-RGN-103703,no
ECO-JSC-RGN-103704,fimH54
ECO-JSC-RGN-103705,fimH30
ECO-JSC-RGN-103706,fimH1550 fimH64
ECO-JSC-RGN-103707,fimH1546 fimH24
ECO-JSC-RGN-103708,fimH27
ECO-JSC-RGN-103709,fimH30
ECO-JSC-RGN-103710,fimH89
ECO-JSC-RGN-103711,fimH54
ECO-JSC-RGN-103712,fimH21
ECO-JSC-RGN-103713,fimH39
ECO-JSC-RGN-103714,fimH56
ECO-JSC-RGN-103715,fimH176
ECO-JSC-RGN-103716,fimH54
ECO-JSC-RGN-103717,fimH54
ECO-JSC-RGN-103718,fimH39
ECO-JSC-RGN-103719,fimH121
ECO-JSC-RGN-103720,fimH30
ECO-JSC-RGN-103721,fimH30
ECO-JSC-RGN-103722,
ECO-JSC-RGN-103737,fimH30
ECO-JSC-RGN-103739,fimH27
ECO-JSC-RGN-103740,no
ECO-JSC-RGN-103741,fimH54
ECO-JSC-RGN-103742,no
ECO-JSC-RGN-103743,fimH38
ECO-JSC-RGN-103744,fimH1546 fimH24
ECO-JSC-RGN-103745,no
ECO-JSC-RGN-103746,fimH30
ECO-JSC-RGN-103747,fimH22
ECO-JSC-RGN-103748,fimH30
ECO-JSC-RGN-103749,fimH54
ECO-JSC-RGN-103751,fimH1546 fimH24
ECO-JSC-RGN-103752,fimH30
ECO-JSC-RGN-103753,fimH1546 fimH24
ECO-JSC-RGN-103754,fimH30
ECO-JSC-RGN-103757,fimH35
ECO-JSC-RGN-103758,fimH30
ECO-JSC-RGN-103759,fimH27
ECO-JSC-RGN-103760,fimH30
ECO-JSC-RGN-103761,fimH412
ECO-JSC-RGN-103762,fimH54
ECO-JSC-RGN-103763,fimH86
ECO-JSC-RGN-103765,fimH27
ECO-JSC-RGN-103766,fimH5
ECO-JSC-RGN-103767,fimH5
ECO-JSC-RGN-103768,fimH31
ECO-JSC-RGN-103769,fimH27
ECO-JSC-RGN-103770,fimH30
ECO-JSC-RGN-103771,fimH30
ECO-JSC-RGN-103772,fimH54
ECO-JSC-RGN-103774,fimH27
ECO-JSC-RGN-103775,no
ECO-JSC-RGN-103776,fimH5
ECO-JSC-RGN-103777,fimH30
ECO-JSC-RGN-103778,fimH30
ECO-JSC-RGN-103779,fimH30
ECO-JSC-RGN-103780,fimH20
ECO-JSC-RGN-103781,fimH30
ECO-JSC-RGN-103782,fimH366
ECO-JSC-RGN-103783,fimH366
ECO-JSC-RGN-103784,fimH27
ECO-JSC-RGN-103785,fimH41
ECO-JSC-RGN-103786,fimH1546 fimH24
ECO-JSC-RGN-103787,fimH1546 fimH24
ECO-JSC-RGN-103788,fimH1550 fimH64
ECO-JSC-RGN-103789,fimH30
ECO-JSC-RGN-103790,no
ECO-JSC-RGN-103791,fimH30
ECO-JSC-RGN-103792,no
ECO-JSC-RGN-103793,fimH30
ECO-JSC-RGN-103794,fimH30
ECO-JSC-RGN-103796,fimH30
ECO-JSC-RGN-103797,fimH30
ECO-JSC-RGN-103798,no
ECO-JSC-RGN-103800,fimH31
ECO-JSC-RGN-103801,fimH30
ECO-JSC-RGN-103802,fimH30
ECO-JSC-RGN-103803,fimH5
ECO-JSC-RGN-103804,fimH270
ECO-JSC-RGN-103805,fimH30
ECO-JSC-RGN-103806,fimH5
ECO-JSC-RGN-103807,fimH54
ECO-JSC-RGN-103808,fimH149
ECO-JSC-RGN-103809,fimH54
ECO-JSC-RGN-103810,no
ECO-JSC-RGN-103811,fimH27
ECO-JSC-RGN-103812,fimH38
ECO-JSC-RGN-103815,fimH47
ECO-JSC-RGN-103816,fimH1550 fimH64
ECO-JSC-RGN-103817,fimH30
ECO-JSC-RGN-103818,fimH54
ECO-JSC-RGN-103819,fimH65
ECO-JSC-RGN-103820,fimH30
ECO-JSC-RGN-103823,fimH623
ECO-JSC-RGN-103824,fimH26
ECO-JSC-RGN-103825,fimH47
ECO-JSC-RGN-103826,fimH54
ECO-JSC-RGN-103827,fimH149
ECO-JSC-RGN-103828,fimH27
ECO-JSC-RGN-103829,fimH54
ECO-JSC-RGN-103830,fimH54
ECO-JSC-RGN-103832,fimH54
ECO-JSC-RGN-103833,fimH27
ECO-JSC-RGN-103834,fimH27
ECO-JSC-RGN-103835,fimH149
ECO-JSC-RGN-103836,fimH43
ECO-JSC-RGN-103837,fimH35
ECO-JSC-RGN-103838,fimH1546 fimH24
ECO-JSC-RGN-103839,fimH1546 fimH24
ECO-JSC-RGN-103840,fimH1546 fimH24
ECO-JSC-RGN-103841,fimH30
ECO-JSC-RGN-103842,fimH39
ECO-JSC-RGN-103844,fimH5
ECO-JSC-RGN-103845,fimH43
ECO-JSC-RGN-103846,fimH43
ECO-JSC-RGN-103847,fimH41
ECO-JSC-RGN-103848,fimH1550 fimH64
ECO-JSC-RGN-103849,fimH54
ECO-JSC-RGN-103850,fimH27
ECO-JSC-RGN-103851,fimH45
ECO-JSC-RGN-103852,fimH268
ECO-JSC-RGN-103853,fimH38
ECO-JSC-RGN-103854,fimH5
ECO-JSC-RGN-103855,
ECO-JSC-RGN-103856,fimH30
ECO-JSC-RGN-103857,no
ECO-JSC-RGN-103858,fimH94
ECO-JSC-RGN-103860,fimH61
ECO-JSC-RGN-103861,fimH31
ECO-JSC-RGN-103862,fimH30
ECO-JSC-RGN-103863,no
ECO-JSC-RGN-103864,fimH30
ECO-JSC-RGN-103865,fimH54
ECO-JSC-RGN-103866,fimH54
ECO-JSC-RGN-103868,fimH237
ECO-JSC-RGN-103869,fimH54
ECO-JSC-RGN-103870,fimH30
ECO-JSC-RGN-103871,fimH30
ECO-JSC-RGN-103872,fimH53
ECO-JSC-RGN-103873,fimH54
ECO-JSC-RGN-103874,fimH32
ECO-JSC-RGN-103875,fimH27
ECO-JSC-RGN-103876,no
ECO-JSC-RGN-103877,no
ECO-JSC-RGN-103878,fimH35
ECO-JSC-RGN-103879,fimH58
ECO-JSC-RGN-103880,fimH32
ECO-JSC-RGN-103881,fimH30
ECO-JSC-RGN-103882,fimH41
ECO-JSC-RGN-103883,fimH32
ECO-JSC-RGN-103884,fimH86
ECO-JSC-RGN-103885,fimH14
ECO-JSC-RGN-103886,fimH398
ECO-JSC-RGN-103887,fimH31
ECO-JSC-RGN-103888,fimH38
ECO-JSC-RGN-103889,fimH30
ECO-JSC-RGN-103890,fimH30
ECO-JSC-RGN-103891,fimH31
ECO-JSC-RGN-103892,fimH30
ECO-JSC-RGN-103893,fimH97
ECO-JSC-RGN-103895,fimH30
ECO-JSC-RGN-103896,fimH30
ECO-JSC-RGN-103897,fimH27
ECO-JSC-RGN-103898,fimH31
ECO-JSC-RGN-103899,fimH39
ECO-JSC-RGN-103900,fimH10
ECO-JSC-RGN-103901,fimH54
ECO-JSC-RGN-103902,fimH58
ECO-JSC-RGN-103903,fimH23
ECO-JSC-RGN-103904,fimH233
ECO-JSC-RGN-103905,fimH27
ECO-JSC-RGN-103906,fimH86
ECO-JSC-RGN-103907,fimH32
ECO-JSC-RGN-103908,fimH350
ECO-JSC-RGN-103909,no
ECO-JSC-RGN-103910,fimH25
ECO-JSC-RGN-103911,fimH97
ECO-JSC-RGN-103912,fimH54
ECO-JSC-RGN-103913,fimH96
ECO-JSC-RGN-103914,fimH96
ECO-JSC-RGN-103931,no
ECO-JSC-RGN-103932,fimH1547 fimH34
ECO-JSC-RGN-103933,fimH54
ECO-JSC-RGN-103934,no
ECO-JSC-RGN-103935,fimH54
ECO-JSC-RGN-103936,no
ECO-JSC-RGN-103937,fimH27
ECO-JSC-RGN-103938,fimH54
ECO-JSC-RGN-104196,fimH30
ECO-JSC-RGN-104197,fimH6
ECO-JSC-RGN-104198,fimH61
ECO-JSC-RGN-104199,fimH54
ECO-JSC-RGN-104200,fimH223
ECO-JSC-RGN-104201,fimH38
ECO-JSC-RGN-104202,
ECO-JSC-RGN-104203,no
ECO-JSC-RGN-104205,fimH30
ECO-JSC-RGN-104206,fimH65
ECO-JSC-RGN-104207,fimH305
ECO-JSC-RGN-104208,fimH27
ECO-JSC-RGN-104209,fimH54
ECO-JSC-RGN-104210,fimH30
ECO-JSC-RGN-104211,fimH30
ECO-JSC-RGN-104212,fimH30
ECO-JSC-RGN-104213,fimH27
ECO-JSC-RGN-104214,fimH5
ECO-JSC-RGN-104215,fimH54
ECO-JSC-RGN-104216,fimH483
ECO-JSC-RGN-104217,fimH5
ECO-JSC-RGN-104218,fimH1247
ECO-JSC-RGN-104219,fimH10
ECO-JSC-RGN-104220,fimH27
ECO-JSC-RGN-104221,fimH54
ECO-JSC-RGN-104222,fimH54
ECO-JSC-RGN-104223,fimH28
ECO-JSC-RGN-104224,fimH30
ECO-JSC-RGN-104225,fimH97
ECO-JSC-RGN-104226,no
ECO-JSC-RGN-104227,fimH31
ECO-JSC-RGN-104228,fimH39
ECO-JSC-RGN-104229,fimH41
ECO-JSC-RGN-104230,fimH54
ECO-JSC-RGN-104231,fimH1550 fimH64
ECO-JSC-RGN-104232,fimH30
ECO-JSC-RGN-104233,fimH38
ECO-JSC-RGN-104234,no
ECO-JSC-RGN-104235,fimH54
ECO-JSC-RGN-104236,fimH94
ECO-JSC-RGN-104237,fimH97
ECO-JSC-RGN-104238,fimH97
ECO-JSC-RGN-104239,fimH121
ECO-JSC-RGN-104241,fimH27
ECO-JSC-RGN-104242,fimH2
ECO-JSC-RGN-104243,fimH30
ECO-JSC-RGN-104244,fimH54
ECO-JSC-RGN-104245,fimH1546 fimH24
ECO-JSC-RGN-104247,fimH31
ECO-JSC-RGN-104248,no
ECO-JSC-RGN-104249,fimH5
ECO-JSC-RGN-104534,fimH54
ECO-JSC-RGN-104536,fimH30
ECO-JSC-RGN-104537,fimH33
ECO-JSC-RGN-104538,fimH61
ECO-JSC-RGN-104539,fimH47
ECO-JSC-RGN-104540,fimH30
ECO-JSC-RGN-104541,fimH27
ECO-JSC-RGN-104542,fimH30
ECO-JSC-RGN-104543,fimH23
ECO-JSC-RGN-104544,fimH30
ECO-JSC-RGN-104545,fimH27
ECO-JSC-RGN-104546,fimH30
ECO-JSC-RGN-104547,fimH86
ECO-JSC-RGN-104548,fimH31
ECO-JSC-RGN-104549,fimH30
ECO-JSC-RGN-104550,fimH27
ECO-JSC-RGN-104551,fimH54
ECO-JSC-RGN-104552,fimH30
ECO-JSC-RGN-104553,fimH30
ECO-JSC-RGN-104554,fimH5
ECO-JSC-RGN-104555,fimH30
ECO-JSC-RGN-104556,fimH32
ECO-JSC-RGN-104558,fimH6
ECO-JSC-RGN-104559,fimH27
ECO-JSC-RGN-104560,fimH32
ECO-JSC-RGN-104561,fimH1550 fimH64
ECO-JSC-RGN-104562,fimH30
ECO-JSC-RGN-104563,fimH32
ECO-JSC-RGN-104564,fimH1546 fimH24
ECO-JSC-RGN-104565,fimH30
ECO-JSC-RGN-104566,no
ECO-JSC-RGN-104568,fimH30
ECO-JSC-RGN-104569,fimH31
ECO-JSC-RGN-104570,no
ECO-JSC-RGN-104571,fimH32
ECO-JSC-RGN-104572,fimH30
ECO-JSC-RGN-104573,fimH30
ECO-JSC-RGN-104574,no
ECO-JSC-RGN-104575,fimH31
ECO-JSC-RGN-104576,fimH39
ECO-JSC-RGN-104577,fimH5
ECO-JSC-RGN-105230,fimH30
ECO-JSC-RGN-105231,no
ECO-JSC-RGN-105232,fimH30
ECO-JSC-RGN-105234,fimH366
ECO-JSC-RGN-105235,fimH30
ECO-JSC-RGN-105236,fimH33
ECO-JSC-RGN-105237,fimH54
ECO-JSC-RGN-105238,fimH30
ECO-JSC-RGN-105239,fimH61
ECO-JSC-RGN-105240,fimH27
ECO-JSC-RGN-105241,fimH27
ECO-JSC-RGN-105242,fimH10
ECO-JSC-RGN-105243,fimH30
ECO-JSC-RGN-105244,fimH32
ECO-JSC-RGN-105245,fimH30
ECO-JSC-RGN-105247,fimH32
ECO-JSC-RGN-105248,fimH30
ECO-JSC-RGN-105249,fimH30
ECO-JSC-RGN-105250,fimH30
ECO-JSC-RGN-105251,fimH30
ECO-JSC-RGN-105252,fimH30
ECO-JSC-RGN-105253,fimH297
ECO-JSC-RGN-105441,fimH5
ECO-JSC-RGN-105442,fimH54
ECO-JSC-RGN-105443,fimH54
ECO-JSC-RGN-105444,fimH5
ECO-JSC-RGN-105445,fimH32
ECO-JSC-RGN-105446,fimH30
ECO-JSC-RGN-105447,fimH30
ECO-JSC-RGN-105448,fimH27
ECO-JSC-RGN-105449,fimH54
ECO-JSC-RGN-105450,fimH86
ECO-JSC-RGN-105451,fimH35
ECO-JSC-RGN-105452,fimH30
ECO-JSC-RGN-105454,no
ECO-JSC-RGN-105455,fimH30
ECO-MSA-BAC-105531,fimH61
KLP-JSC-MOD-104895,fimH30
KLP-JSC-RGN-105170,fimH366
KLP-JSC-RGN-105204,fimH30
KLP-JSC-RGN-105458,fimH31
